{
  "N_M_0000": {
    "NORTE": 14.355832762235194,
    "SUL": 0.0,
    "ESTE": 8.297269003381817,
    "OESTE": 9.81510390281719
  },
  "N_M_1010": {
    "NORTE": 0.0,
    "SUL": 0.6364129484972201,
    "ESTE": 0.0,
    "OESTE": 2.5048450710616446
  },
  "N_M_0011": {
    "NORTE": 6.757440548117738,
    "SUL": 0.0,
    "ESTE": 0.0,
    "OESTE": 0.0
  },
  "N_M_0110": {
    "NORTE": 2.7848443517870756,
    "SUL": 0.0,
    "ESTE": 0.0,
    "OESTE": 0.012015605649803605
  },
  "N_P_0010": {
    "NORTE": 14.634664367461259,
    "SUL": 0.0,
    "ESTE": 0.0,
    "OESTE": 3.551334497984128
  },
  "C_P_0010": {
    "NORTE": 0.0,
    "SUL": 0.0,
    "ESTE": 0.0,
    "OESTE": 0.0
  },
  "S_P_0000": {
    "NORTE": 0.0,
    "SUL": 14.282270423177582,
    "ESTE": 0.0,
    "OESTE": 0.14689503351873015
  },
  "C_P_0100": {
    "NORTE": 0.0,
    "SUL": 0.0,
    "ESTE": 0.0,
    "OESTE": 0.0
  },
  "O_P_0000": {
    "NORTE": 4.221496815161772,
    "SUL": 0.0,
    "ESTE": 0.0,
    "OESTE": 14.696534158239123
  },
  "SO_P_0000": {
    "NORTE": 0.0,
    "SUL": 11.739865216019112,
    "ESTE": 0.0,
    "OESTE": 7.70787242973492
  },
  "C_P_0000": {
    "NORTE": 0.0,
    "SUL": 0.0,
    "ESTE": 0.0,
    "OESTE": 0.0
  },
  "N_M_1000": {
    "NORTE": 0.0,
    "SUL": 0.0,
    "ESTE": 9.647352391473415,
    "OESTE": 6.086018009286651
  },
  "N_M_0010": {
    "NORTE": 13.319267437295986,
    "SUL": 0.0,
    "ESTE": 0.0,
    "OESTE": 4.556803846766088
  },
  "N_P_0011": {
    "NORTE": 9.626793514255256,
    "SUL": 0.0,
    "ESTE": 0.0,
    "OESTE": 0.0
  },
  "N_P_0000": {
    "NORTE": 14.887142491195199,
    "SUL": 0.0,
    "ESTE": 0.0,
    "OESTE": 4.592918986306366
  },
  "NE_P_0100": {
    "NORTE": 1.2835965918875,
    "SUL": 0.0,
    "ESTE": 0.0,
    "OESTE": 0.0
  },
  "E_P_1000": {
    "NORTE": 0.0,
    "SUL": 0.0,
    "ESTE": 7.8255465,
    "OESTE": 0.0
  },
  "O_M_1000": {
    "NORTE": 0.0,
    "SUL": 1.8754131875036661,
    "ESTE": 0.0,
    "OESTE": 12.695555994759193
  },
  "O_M_0000": {
    "NORTE": 11.184330013559936,
    "SUL": 9.385713362907005,
    "ESTE": 0.0,
    "OESTE": 15.242371878925686
  },
  "O_M_0100": {
    "NORTE": 5.936453513470016,
    "SUL": 0.0,
    "ESTE": 0.0,
    "OESTE": 11.80533160654493
  },
  "SO_M_0000": {
    "NORTE": 0.0,
    "SUL": 5.186737719740365,
    "ESTE": 0.0,
    "OESTE": 9.084596934151389
  },
  "O_M_0001": {
    "NORTE": 10.492081651933855,
    "SUL": 6.463826846136547,
    "ESTE": 0.0,
    "OESTE": 0.0
  },
  "NO_M_1000": {
    "NORTE": 0.0,
    "SUL": 0.0,
    "ESTE": 0.0,
    "OESTE": 13.094634071802064
  },
  "NO_P_0000": {
    "NORTE": 6.684598336920682,
    "SUL": 0.0,
    "ESTE": 0.0,
    "OESTE": 13.434780529583602
  },
  "NO_M_0000": {
    "NORTE": 12.284386830009247,
    "SUL": 0.0,
    "ESTE": 0.0,
    "OESTE": 13.072923990951208
  },
  "NO_M_0001": {
    "NORTE": 11.609279419497392,
    "SUL": 0.0,
    "ESTE": 0.0,
    "OESTE": 0.0
  },
  "C_P_0001": {
    "NORTE": 0.0,
    "SUL": 0.0,
    "ESTE": 0.0,
    "OESTE": 0.0
  },
  "N_M_0001": {
    "NORTE": 12.493965220946656,
    "SUL": 0.0,
    "ESTE": 1.0604801301653866,
    "OESTE": 0.0
  },
  "NE_M_0100": {
    "NORTE": 1.6319431452622921,
    "SUL": 0.0,
    "ESTE": 2.159707708823572,
    "OESTE": 0.0
  },
  "NE_P_0000": {
    "NORTE": 9.083183919140346,
    "SUL": 0.0,
    "ESTE": 5.451430609312449,
    "OESTE": 0.0
  },
  "E_P_0000": {
    "NORTE": 0.17940364016080085,
    "SUL": 0.0,
    "ESTE": 12.873659333292512,
    "OESTE": 0.0
  },
  "NO_M_0010": {
    "NORTE": 11.575605873955206,
    "SUL": 0.0,
    "ESTE": 0.0,
    "OESTE": 7.25223316617624
  },
  "NO_L_0000": {
    "NORTE": 11.650690501619902,
    "SUL": 0.0,
    "ESTE": 0.0,
    "OESTE": 6.922723487805727
  },
  "NO_P_1000": {
    "NORTE": 0.0,
    "SUL": 0.0,
    "ESTE": 0.0,
    "OESTE": 8.65782386920921
  },
  "N_P_0001": {
    "NORTE": 13.382456416082203,
    "SUL": 0.0,
    "ESTE": 0.0,
    "OESTE": 0.0
  },
  "N_M_0100": {
    "NORTE": 9.602572796804456,
    "SUL": 0.0,
    "ESTE": 0.7787435096468985,
    "OESTE": 0.44613034164375315
  },
  "NO_L_1000": {
    "NORTE": 0.0,
    "SUL": 0.0,
    "ESTE": 0.0,
    "OESTE": 8.69409650902624
  },
  "NO_L_0101": {
    "NORTE": 0.2,
    "SUL": 0.0,
    "ESTE": 0.0,
    "OESTE": 0.0
  },
  "NO_L_0010": {
    "NORTE": 7.267425729545888,
    "SUL": 0.0,
    "ESTE": 0.0,
    "OESTE": 2.2362360066009916
  },
  "O_P_1000": {
    "NORTE": 0.0,
    "SUL": 0.0,
    "ESTE": 0.0,
    "OESTE": 14.654707462729254
  },
  "NO_L_0100": {
    "NORTE": 1.6082608710619444,
    "SUL": 0.0,
    "ESTE": 0.0,
    "OESTE": 3.512382890829571
  },
  "C_P_1010": {
    "NORTE": 0.0,
    "SUL": 0.0,
    "ESTE": 0.0,
    "OESTE": 0.0
  },
  "NE_M_0001": {
    "NORTE": 0.219,
    "SUL": 0.0,
    "ESTE": 2.1763695865643315,
    "OESTE": 0.0
  },
  "SE_P_0000": {
    "NORTE": 0.0,
    "SUL": 0.2,
    "ESTE": 4.447342701525864,
    "OESTE": 0.0
  },
  "N_L_0100": {
    "NORTE": 0.6874516700263108,
    "SUL": 0.0,
    "ESTE": 0.0,
    "OESTE": 0.0
  },
  "C_P_1000": {
    "NORTE": 0.0,
    "SUL": 0.0,
    "ESTE": 0.0,
    "OESTE": 0.0
  },
  "NE_M_0000": {
    "NORTE": 3.439934773472117,
    "SUL": 0.0,
    "ESTE": 9.725638553021215,
    "OESTE": 0.0
  },
  "SE_P_1000": {
    "NORTE": 0.0,
    "SUL": 3.355446678824107,
    "ESTE": 0.7789999999999999,
    "OESTE": 0.0
  },
  "NO_L_0110": {
    "NORTE": 0.0,
    "SUL": 0.0,
    "ESTE": 0.0,
    "OESTE": 2.074264450004074
  },
  "O_M_0010": {
    "NORTE": 4.255202647945086,
    "SUL": 6.825636895630784,
    "ESTE": 0.0,
    "OESTE": 11.548774635351599
  },
  "SO_M_0100": {
    "NORTE": 0.0,
    "SUL": 0.0,
    "ESTE": 0.0,
    "OESTE": 5.987091974229279
  },
  "O_P_0110": {
    "NORTE": -0.10602,
    "SUL": 0.0,
    "ESTE": 0.0,
    "OESTE": 5.1585
  },
  "NO_M_0100": {
    "NORTE": 10.321552425110877,
    "SUL": 0.0,
    "ESTE": 0.0,
    "OESTE": 5.136130584206664
  },
  "NE_P_1010": {
    "NORTE": 0.0,
    "SUL": 0.39612843775515777,
    "ESTE": 0.0,
    "OESTE": 1.46709279669366
  },
  "E_P_0010": {
    "NORTE": -0.13851000000000002,
    "SUL": 0.39612843775515777,
    "ESTE": 0.0,
    "OESTE": 0.0
  },
  "SE_M_0000": {
    "NORTE": 0.0,
    "SUL": 0.2,
    "ESTE": 0.542,
    "OESTE": 0.0
  },
  "SE_P_0100": {
    "NORTE": 0.0,
    "SUL": 0.0,
    "ESTE": 1.3081332228575,
    "OESTE": 0.0
  },
  "S_P_0010": {
    "NORTE": 0.0,
    "SUL": 5.1585,
    "ESTE": 0.0,
    "OESTE": 0.0
  },
  "C_P_0111": {
    "NORTE": 0.0,
    "SUL": 0.0,
    "ESTE": 0.0,
    "OESTE": 0.0
  },
  "N_L_0000": {
    "NORTE": 3.414472297875521,
    "SUL": 0.0,
    "ESTE": 0.0,
    "OESTE": 0.0
  },
  "C_P_1001": {
    "NORTE": 0.0,
    "SUL": 0.0,
    "ESTE": 0.0,
    "OESTE": 0.0
  },
  "NO_L_0001": {
    "NORTE": 7.7660243683052546,
    "SUL": 0.0,
    "ESTE": 0.0,
    "OESTE": 0.0
  },
  "NE_M_1000": {
    "NORTE": 0.0,
    "SUL": 0.0,
    "ESTE": 2.060396933966555,
    "OESTE": 0.0
  },
  "C_P_0011": {
    "NORTE": 0.0,
    "SUL": 0.0,
    "ESTE": 0.0,
    "OESTE": 0.0
  },
  "SO_M_1000": {
    "NORTE": 0.0,
    "SUL": 5.048715337041461,
    "ESTE": 0.0,
    "OESTE": 1.798754543606072
  },
  "SO_P_0001": {
    "NORTE": 0.0,
    "SUL": 5.7813102955169,
    "ESTE": 0.0,
    "OESTE": 0.0
  },
  "E_P_0001": {
    "NORTE": 0.32453752704294375,
    "SUL": 0.0,
    "ESTE": 5.70525,
    "OESTE": 0.0
  },
  "O_M_1100": {
    "NORTE": 0.0,
    "SUL": 0.0,
    "ESTE": 0.0,
    "OESTE": 6.782960384073045
  },
  "O_M_0101": {
    "NORTE": 6.7154987734404195,
    "SUL": 0.0,
    "ESTE": 0.0,
    "OESTE": 0.0
  },
  "S_P_1001": {
    "NORTE": 0.0,
    "SUL": 2.85,
    "ESTE": 0.0,
    "OESTE": 0.0
  },
  "C_P_0101": {
    "NORTE": 0.0,
    "SUL": 0.0,
    "ESTE": 0.0,
    "OESTE": 0.0
  },
  "S_P_1000": {
    "NORTE": 0.0,
    "SUL": 6.14265,
    "ESTE": 0.0,
    "OESTE": -0.08000349037500001
  },
  "NE_M_0010": {
    "NORTE": 3.0912191902407016,
    "SUL": 0.0,
    "ESTE": 0.0,
    "OESTE": 0.0
  },
  "N_P_0100": {
    "NORTE": 9.169315490825252,
    "SUL": 0.0,