{
  "pos_1_1": {
    "NORTE": 5.480473713713957,
    "SUL": 5.198813816838884,
    "ESTE": 5.19882647684138,
    "OESTE": 5.495064098932113
  },
  "pos_0_1": {
    "NORTE": 5.0381861247672175,
    "SUL": 4.887568743671135,
    "ESTE": 5.047391684209061,
    "OESTE": 5.130217151710806
  },
  "pos_0_0": {
    "NORTE": 4.7574426951062065,
    "SUL": 4.810308160775311,
    "ESTE": 4.829584603910968,
    "OESTE": 4.799018569527648
  },
  "pos_1_0": {
    "NORTE": 5.103541158133429,
    "SUL": 5.251217960944158,
    "ESTE": 4.987681533740539,
    "OESTE": 5.010140414308579
  }
}