{
  "pos_0_0": {
    "NORTE": 50.25311693497202,
    "SUL": 53.24661119781302,
    "ESTE": 53.31506072224613,
    "OESTE": 50.31928804931367
  },
  "pos_0_1": {
    "NORTE": 125.83611059085327,
    "SUL": 136.31774917609806,
    "ESTE": 152.10351322321344,
    "OESTE": 130.1091149084702
  },
  "pos_1_1": {
    "NORTE": 42.2482825523125,
    "SUL": 269.50768167444085,
    "ESTE": 269.704792609307,
    "OESTE": 107.6897926513027
  },
  "pos_1_0": {
    "NORTE": 90.72403492756345,
    "SUL": 118.72750072514128,
    "ESTE": 68.59792227073989,
    "OESTE": 86.65782329616857
  }
}